<?xml version="1.0" encoding="utf-8"?>
<selector xmlns:android="http://schemas.android.com/apk/res/android" >
    <item>
        <layer-list>
            <item>
                <shape android:shape="rectangle">
                    <solid android:color="#f4f4f4" /> <!-- 배경 -->
                    <stroke android:width="1dip" android:color="#d0d3d8" /> <!-- 외각선 -->
                </shape>
            </item>
            <!-- 회살표를 넣기위해-->
            <item android:right="10dp">
                <bitmap android:src="@drawable/signup2_arrow_down"  android:gravity="center_vertical|right" />
            </item>
        </layer-list>
    </item>
</selector>